{
 "b7ddcd7": {
  "mean": 100.27281229877929,
  "stddev": 14.22096065268687
 },
 "21ae08f": {
  "mean": 100.84122625063779,
  "stddev": 16.019258293547093
 }
}