{
 "b7ddcd7": {
  "mean": 100.27281229877929,
  "stddev": 14.22096065268687
 }
}