{
 "21ae08f": {
  "mean": 100.84122625063779,
  "stddev": 16.019258293547093
 },
 "b7ddcd7": {
  "mean": 100.27281229877929,
  "stddev": 14.22096065268687
 },
 "dd5c3f3": {
  "mean": 98.94133093693232,
  "stddev": 14.720729254159853
 }
}